{"espbox_Checked":true,"espbox_Color":4278190335,"espbox_keyBind":0,"esptype":2,"espfilled_Checked":false,"espdistance_Checked":false,"espdistance_Color":4278190080,"espdistance_keyBind":0,"espname_Checked":false,"espname_Color":4278190080,"espname_keyBind":0,"espsnap_Checked":false,"espsnap_Color":4278190080,"espsnap_keyBind":0,"esphealth_Checked":true,"aimbot_Checked":false,"aimbot_keyBind":0,"aimbotkey":0,"sorttype":0,"partaimbot":0,"aimbotsmooth":0.10000000149011612,"toggleaimbot_Checked":false,"predict_Checked":false,"predict_keyBind":0,"predictmathaimbot":0,"predictx":0.00009999999747378752,"predicty":0.00009999999747378752,"aimbotsticky_Checked":false,"shake_Checked":false,"shake_keyBind":0,"shakex":0.0,"shakey":0.0,"shakexx":0.0,"shakeyy":0.0,"fovcircle_Checked":true,"fovcircle_Color":4278190080,"fovcircle_keyBind":0,"fovfloat":107.49185943603516,"silentaim_Checked":true,"silentaim_keyBind":0,"randompart_Checked":true,"randompart_keyBind":0,"interrandompart":325,"Head":0.0,"HumanoidRootPart":0.0,"UpperTorso":0.0,"LowerTorso":0.0,"LeftUpperArm":0.0,"LeftLowerArm":0.0,"LeftHand":0.0,"RightUpperArm":0.0,"RightLowerArm":0.0,"RightHand":0.0,"LeftUpperLeg":0.0,"LeftLowerLeg":0.0,"LeftFoot":0.0,"RightUpperLeg":0.0,"RightLowerLeg":0.0,"RightFoot":0.0,"Humanoid":0.0,"noclip_Checked":false,"noclip_keyBind":0,"noclipspeed":0.0,"flight_Checked":false,"flight_keyBind":0,"flightspeed":0.0,"modespeed":0,"teleport_Checked":false,"teleportkeybind":0,"teleportspin_Checked":false,"teleportrad":0.10000000149011612,"teleportspeed":0.10000000149011612}