{"espbox_Checked":true,"espbox_Color":4278255873,"espbox_keyBind":0,"espdistance_Checked":false,"espdistance_Color":4278255873,"espdistance_keyBind":0,"espsnap_Checked":false,"espsnap_Color":4278255873,"espsnap_keyBind":0,"limitdistance_Checked":false,"limitdistancevalue":300,"checkteam_Checked":true,"aimbot_Checked":true,"aimbot_keyBind":0,"aimbotkey":658,"partaimbot":0,"sorttype":0,"aimbotsmooth":0.8419869542121887,"toggle_Checked":true,"aimbotsticky_Checked":true,"marker_Checked":false,"fovcircle_Checked":true,"fovcircle_Color":4278255873,"fovcircle_keyBind":0,"fovfloat":127.03582763671875,"offsety":0.0}