{"swapteam_Checked":true,"swapteam_keyBind":0,"swapteam_Checked":true,"swapteam_keyBind":0,"espbox_Checked":true,"espbox_Color":4278255873,"espbox_keyBind":0,"espdistance_Checked":false,"espdistance_Color":4278255873,"espdistance_keyBind":0,"espsnap_Checked":false,"espsnap_Color":4278255873,"espsnap_keyBind":0,"espweapon_Checked":true,"espweapon_Color":4278255873,"espweapon_keyBind":0,"limitdistance_Checked":false,"limitdistancevalue":300,"aimbot_Checked":true,"aimbot_keyBind":0,"aimbotkey":658,"partaimbot":0,"sorttype":0,"aimbotsmooth":0.5614331960678101,"predict_Checked":true,"predx":18.83322525024414,"predy":18.768404006958008,"bulletvelocity":1560.5863037109375,"toggle_Checked":true,"aimbotsticky_Checked":false,"marker_Checked":false,"fovcircle_Checked":true,"fovcircle_Color":4278255873,"fovcircle_keyBind":0,"fovfloat":159.609130859375}