{"espbox_Checked":false,"espbox_Color":4278190080,"espbox_keyBind":0,"esptype":0,"espfilled_Checked":false,"espdistance_Checked":false,"espdistance_Color":4278190080,"espdistance_keyBind":0,"espname_Checked":false,"espname_Color":4278190080,"espname_keyBind":0,"esphealth_Checked":false,"espsnap_Checked":false,"espsnap_Color":4278190080,"espsnap_keyBind":0,"healthcheck_Checked":false,"healthcondition":1,"aimbot_Checked":false,"aimbot_keyBind":0,"aimbotkey":0,"sorttype":0,"partaimbot":0,"aimbotsmooth":0.10000000149011612,"toggleaimbot_Checked":false,"predict_Checked":false,"predict_keyBind":0,"predictmathaimbot":0,"predictx":0.00009999999747378752,"predicty":0.00009999999747378752,"aimbotsticky_Checked":false,"shake_Checked":false,"shake_keyBind":0,"shakex":0.0,"shakey":0.0,"shakexx":0.0,"shakeyy":0.0,"fovcircle_Checked":false,"fovcircle_Color":4294967295,"fovcircle_keyBind":0,"fovfloat":68.4039077758789,"silentaim_Checked":true,"silentaim_keyBind":0,"randompart_Checked":true,"randompart_keyBind":0,"interrandompart":500,"Head":3.908794641494751,"HumanoidRootPart":2.504005193710327,"UpperTorso":3.048442840576172,"LowerTorso":3.5389742851257324,"LeftUpperArm":0.0,"LeftLowerArm":0.0,"LeftHand":0.0,"RightUpperArm":0.0,"RightLowerArm":0.0,"RightHand":0.0,"LeftUpperLeg":0.0,"LeftLowerLeg":0.0,"LeftFoot":0.0,"RightUpperLeg":0.0,"RightLowerLeg":0.0,"RightFoot":0.0,"Humanoid":0.0,"noclip_Checked":false,"noclip_keyBind":0,"noclipspeed":0.0,"flight_Checked":false,"flight_keyBind":0,"flightspeed":0.0,"modespeed":0,"teleport_Checked":false,"teleportkeybind":0,"teleportspin_Checked":false,"teleportrad":0.10000000149011612,"teleportspeed":0.10000000149011612}