{"espbox_Checked":false,"espbox_Color":4294967295,"espbox_keyBind":0,"esptype":0,"espfilled_Checked":false,"espdistance_Checked":false,"espdistance_Color":4278190080,"espdistance_keyBind":0,"espname_Checked":false,"espname_Color":4294967295,"espname_keyBind":0,"esphealth_Checked":false,"espsnap_Checked":false,"espsnap_Color":4278190080,"espsnap_keyBind":0,"espbone_Checked":false,"espbone_Color":4278190080,"espbone_keyBind":0,"limitdistance_Checked":false,"limitdistance_keyBind":0,"limitdistancevalue":1074,"aimbot_Checked":true,"aimbot_keyBind":0,"aimbotkey":659,"methodaimbot":0,"sorttype":0,"partaimbot":1,"aimbotsmooth":1.0,"toggleaimbot_Checked":false,"predict_Checked":true,"predict_keyBind":0,"resaimbot_Checked":false,"predictmathaimbot":0,"predictx":6.710164546966553,"predicty":8.46911334991455,"easing_Checked":false,"easingstyle":0,"easduration":0,"shake_Checked":false,"shake_keyBind":0,"shakex":0.0,"shakey":0.0,"shakexx":0.0,"shakeyy":0.0,"aimbotsticky_Checked":true,"fovcircle_Checked":false,"fovcircle_Color":4278190080,"fovcircle_keyBind":0,"fovfloat":1000.0,"fovmath":0,"nosleep_Checked":false,"knockdh_Checked":false,"silentaim_Checked":false,"silentaim_keyBind":0,"fovsilent_Checked":false,"fovsilent_Color":4278255873,"fovsilent_keyBind":0,"fovsilentval":100.0,"predictsilent_Checked":false,"predictmathsilent":1,"psilentx":0.16500000655651093,"psilenty":0.16500000655651093,"nearpartsilent_Checked":false,"triggerbot_Checked":false,"triggerbot_keyBind":0,"typetriggerbot":0,"keybindtrggierbotwork":0,"knife_Checked":false,"triggerpredict_Checked":false,"usepredictaimbot_Checked":false,"visualhitbox_Checked":false,"firekey":0,"triggerbotinterval":0,"triggerbothitx":0.0,"triggerbothity":0.0,"noclip_Checked":false,"noclip_keyBind":0,"noclipspeed":0.0,"flight_Checked":false,"flight_keyBind":90,"flightspeed":5.90455961227417,"modespeed":0,"teleport_Checked":false,"teleportspin_Checked":false,"teleportrad":0.10000000149011612,"teleportspeed":0.10000000149011612}