{"espbox_Checked":false,"espbox_Color":4278190080,"espbox_keyBind":0,"esptype":0,"espfilled_Checked":false,"espdistance_Checked":true,"espdistance_Color":4294377498,"espdistance_keyBind":0,"espname_Checked":false,"espname_Color":4278190080,"espname_keyBind":0,"esphealth_Checked":false,"espsnap_Checked":false,"espsnap_Color":4278190080,"espsnap_keyBind":0,"limitdistance_Checked":true,"limitdistance_keyBind":0,"limitdistancevalue":423,"teamcheck_Checked":false,"npccheck_Checked":false,"healthcheck_Checked":true,"healthcondition":0,"aimbot_Checked":false,"aimbot_keyBind":75,"aimbotkey":659,"methodaimbot":0,"sorttype":0,"partaimbot":0,"aimbotsmooth":1.0,"toggleaimbot_Checked":false,"predict_Checked":true,"predict_keyBind":0,"predictmathaimbot":0,"predictx":5.219120502471924,"predicty":10.818924903869629,"easing_Checked":false,"easingstyle":0,"easduration":0,"aimbotsticky_Checked":true,"shake_Checked":false,"shake_keyBind":0,"shakex":0.0,"shakey":0.0,"shakexx":0.0,"shakeyy":0.0,"fovcircle_Checked":false,"fovcircle_Color":4278190080,"fovcircle_keyBind":0,"fovfloat":300.0,"fovmath":0,"nosleep_Checked":false,"knockdh_Checked":false,"knifecheck_Checked":true,"silentaim_Checked":true,"silentaim_keyBind":0,"fovsilent_Checked":false,"fovsilent_Color":4278255873,"fovsilent_keyBind":0,"fovsilentval":179.15310668945313,"predictsilent_Checked":true,"predictmathsilent":0,"psilentx":11.404952049255371,"psilenty":12.12120532989502,"triggerbot_Checked":true,"triggerbot_keyBind":75,"typetriggerbot":0,"keybindtrggierbotwork":659,"triggerpredict_Checked":false,"usepredictaimbot_Checked":false,"firekey":0,"triggerbotinterval":0,"visualhitbox_Checked":false,"triggerbothitx":0.0,"triggerbothity":0.0,"noclip_Checked":false,"noclip_keyBind":0,"noclipspeed":0.0,"flight_Checked":false,"flight_keyBind":0,"flightspeed":0.0,"modespeed":0,"teleport_Checked":false,"teleportkeybind":0,"teleportspin_Checked":false,"teleportrad":0.10000000149011612,"teleportspeed":0.10000000149011612}