{"espbox_Checked":true,"espbox_Color":4294901780,"espbox_keyBind":0,"esptype":2,"espfilled_Checked":false,"espdistance_Checked":false,"espdistance_Color":4278190080,"espdistance_keyBind":0,"espname_Checked":true,"espname_Color":4294902601,"espname_keyBind":0,"esphealth_Checked":false,"espsnap_Checked":false,"espsnap_Color":4278190080,"espsnap_keyBind":0,"healthcheck_Checked":false,"healthcondition":1,"aimbot_Checked":true,"aimbot_keyBind":0,"aimbotkey":659,"sorttype":0,"partaimbot":0,"aimbotsmooth":0.25,"toggleaimbot_Checked":false,"predict_Checked":false,"predict_keyBind":0,"predictmathaimbot":0,"predictx":0.00009999999747378752,"predicty":0.00009999999747378752,"aimbotsticky_Checked":true,"shake_Checked":false,"shake_keyBind":0,"shakex":0.0,"shakey":0.0,"shakexx":0.0,"shakeyy":0.0,"fovcircle_Checked":true,"fovcircle_Color":4293394687,"fovcircle_keyBind":0,"fovfloat":192.18240356445313,"silentaim_Checked":false,"silentaim_keyBind":0,"noclip_Checked":false,"noclip_keyBind":0,"noclipspeed":0.0,"flight_Checked":false,"flight_keyBind":0,"flightspeed":0.0,"modespeed":0,"teleport_Checked":false,"teleportkeybind":0,"teleportspin_Checked":false,"teleportrad":0.10000000149011612,"teleportspeed":0.10000000149011612}