{"espbox_Checked":true,"espbox_Color":4279243007,"espbox_keyBind":0,"esptype":0,"espfilled_Checked":false,"espdistance_Checked":false,"espdistance_Color":4278190080,"espdistance_keyBind":0,"espname_Checked":true,"espname_Color":4280624609,"espname_keyBind":0,"esphealth_Checked":true,"espsnap_Checked":false,"espsnap_Color":4278190080,"espsnap_keyBind":0,"limitdistance_Checked":false,"limitdistance_keyBind":0,"limitdistancevalue":0,"teamcheck_Checked":false,"npccheck_Checked":false,"healthcheck_Checked":false,"healthcondition":1,"aimbot_Checked":true,"aimbot_keyBind":0,"aimbotkey":659,"methodaimbot":0,"sorttype":0,"partaimbot":1,"aimbotsmooth":1.0,"toggleaimbot_Checked":false,"predict_Checked":true,"predict_keyBind":0,"resaimbot_Checked":false,"predictmathaimbot":1,"predictx":0.00009999999747378752,"predicty":0.00009999999747378752,"easing_Checked":false,"easingstyle":0,"easduration":0,"aimbotsticky_Checked":true,"shake_Checked":false,"shake_keyBind":0,"shakex":0.0,"shakey":0.0,"shakexx":0.0,"shakeyy":0.0,"fovcircle_Checked":false,"fovcircle_Color":4278190080,"fovcircle_keyBind":0,"fovfloat":130.2931671142578,"fovmath":0,"nosleep_Checked":true,"knockdh_Checked":true,"knifecheck_Checked":false,"silentaim_Checked":true,"silentaim_keyBind":0,"fovsilent_Checked":false,"fovsilent_Color":4278255873,"fovsilent_keyBind":0,"fovsilentval":260.5863342285156,"predictsilent_Checked":true,"predictmathsilent":1,"psilentx":0.13099999725818634,"psilenty":0.11500000208616257,"triggerbot_Checked":false,"triggerbot_keyBind":0,"typetriggerbot":0,"keybindtrggierbotwork":658,"triggerpredict_Checked":true,"usepredictaimbot_Checked":false,"firekey":0,"triggerbotinterval":0,"visualhitbox_Checked":false,"triggerbothitx":0.5600000023841858,"triggerbothity":0.5600000023841858,"speedhack_Checked":true,"speedhack_keyBind":86,"speedhackvalue":1677.5908203125,"noclip_Checked":false,"noclip_keyBind":0,"noclipspeed":0.0,"flight_Checked":false,"flight_keyBind":0,"flightspeed":0.0,"modespeed":0,"teleport_Checked":false,"teleportkeybind":0,"teleportspin_Checked":false,"teleportrad":0.10000000149011612,"teleportspeed":0.10000000149011612,"predictmathtrigger":0,"ptriggerx":0.00009999999747378752,"ptriggery":0.00009999999747378752}