{"espbox_Checked":false,"espbox_Color":4278190080,"espbox_keyBind":0,"esptype":0,"espfilled_Checked":false,"espdistance_Checked":false,"espdistance_Color":4278190080,"espdistance_keyBind":0,"espname_Checked":false,"espname_Color":4278190080,"espname_keyBind":0,"esphealth_Checked":false,"espsnap_Checked":false,"espsnap_Color":4278190080,"espsnap_keyBind":0,"espbone_Checked":false,"espbone_Color":4278190080,"espbone_keyBind":0,"limitdistance_Checked":false,"limitdistance_keyBind":0,"limitdistancevalue":0,"aimbot_Checked":false,"aimbot_keyBind":0,"aimbotkey":523,"methodaimbot":2,"sorttype":0,"partaimbot":1,"aimbotsmooth":0.009999999776482582,"toggleaimbot_Checked":false,"predict_Checked":false,"predict_keyBind":0,"resaimbot_Checked":false,"predictmathaimbot":0,"predictx":0.00009999999747378752,"predicty":0.00009999999747378752,"easing_Checked":false,"easingstyle":0,"easduration":0,"shake_Checked":false,"shake_keyBind":0,"shakex":0.0,"shakey":0.0,"shakexx":0.0,"shakeyy":0.0,"aimbotsticky_Checked":true,"fovcircle_Checked":false,"fovcircle_Color":4278190080,"fovcircle_keyBind":0,"fovfloat":13.0,"fovmath":1,"nosleep_Checked":true,"knockdh_Checked":true,"silentaim_Checked":true,"silentaim_keyBind":0,"fovsilent_Checked":true,"fovsilent_Color":4294967295,"fovsilent_keyBind":0,"fovsilentval":68.4039077758789,"predictsilent_Checked":true,"predictmathsilent":1,"psilentx":0.12300000339746475,"psilenty":0.12300000339746475,"nearpartsilent_Checked":true,"triggerbot_Checked":true,"triggerbot_keyBind":0,"typetriggerbot":0,"keybindtrggierbotwork":659,"knife_Checked":true,"triggerpredict_Checked":false,"usepredictaimbot_Checked":false,"visualhitbox_Checked":false,"firekey":0,"triggerbotinterval":1,"triggerbothitx":5.407166004180908,"triggerbothity":4.9511399269104,"speedhack_Checked":false,"speedhack_keyBind":86,"speedhackvalue":407.2579650878906,"noclip_Checked":false,"noclip_keyBind":0,"noclipspeed":0.0,"flight_Checked":false,"flight_keyBind":0,"flightspeed":0.0,"modespeed":0,"teleport_Checked":false,"teleportspin_Checked":false,"teleportrad":0.10000000149011612,"teleportspeed":0.10000000149011612}