{
    "Celex V3": "",
    "Config Creator:": "none",
    "Aimbot": {
        "Master Switch": true,
        "Key": {
            "Bind": 90,
            "Type": 0
        },
        "Aimbot Type": 0,
        "Sticky Aim": true,
        "Teamcheck": false,
        "Show FOV": false,
        "FOV": 151,
        "FOV Color": {
            "X": 1.0,
            "Y": 1.0,
            "Z": 1.0,
            "W": 1.0
        },
        "Hitsounds": false,
        "Sound": 0,
        "Hit Skeleton": false,
        "Hit Skeleton Color": {
            "X": 1.0,
            "Y": 1.0,
            "Z": 1.0,
            "W": 1.0
        },
        "Hit Tracers": false,
        "Hit Tracer Color": {
            "X": 1.0,
            "Y": 1.0,
            "Z": 1.0,
            "W": 1.0
        },
        "Health Check": false,
        "Forcefield Check": false,
        "Invisible Check": false,
        "Tool Check": false,
        "Friend Check": false,
        "Knock Check": false,
        "Use Custom Hit Part": true,
        "Hit Part": 3,
        "Use Air Part": true,
        "Air Part": 3,
        "Custom Target Method": true,
        "Target Method": 1,
        "Custom Strength Method": true,
        "Strength Method": 0,
        "Indication": true,
        "Indicator Color": {
            "X": 1.0,
            "Y": 1.0,
            "Z": 1.0,
            "W": 1.0
        },
        "Use Smoothness": true,
        "Smoothness": 1.5,
        "Prediction": {
            "Enabled": true,
            "X": 6.099999904632568,
            "Y": 6.429999828338623
        },
        "Shake": {
            "Enabled": false,
            "X": 0,
            "Y": 0
        },
        "Limit Lock Distance": false,
        "Lock Distance": 174,
        "Resolver": false,
        "Auto Resolver": true
    },
    "Triggerbot": {
        "Master Switch": false,
        "Key": {
            "Bind": 0,
            "Type": 1
        },
        "Show FOV": false,
        "FOV": 50,
        "Prediction": false,
        "Custom Part": false,
        "Part": 1
    },
    "Rage": {
        "Fly": false,
        "Fly_Key": {
            "Bind": 0,
            "Type": 1
        },
        "Fly_Speed": 10,
        "Attach to Target": false,
        "Distance": 10,
        "Strafe": false,
        "Strafe_Speed": 10.0,
        "Strafe_Radius": 10.0
    },
    "Buy Bot": {
        "Master Switch": false,
        "Auto Armor": false
    },
    "Silent Aim": {
        "Master Switch": false,
        "Key": {
            "Bind": 0,
            "Type": 1
        },
        "Sticky Aim": false,
        "Show FOV": false,
        "FOV": 50,
        "Fov Color": {
            "X": 1.0,
            "Y": 1.0,
            "Z": 1.0,
            "W": 1.0
        },
        "Indication": false,
        "Indication Color": {
            "X": 1.0,
            "Y": 1.0,
            "Z": 1.0,
            "W": 1.0
        },
        "Prediction": {
            "Enabled": false,
            "X": 5.0,
            "Y": 5.0
        },
        "Custom Hit Part": false,
        "Hit Part": 1,
        "Custom Target Method": false,
        "Target Method": 0,
        "Gun Based FOV": {
            "Enabled": false,
            "Revolver": {
                "Include": false,
                "FOV": 50.0
            },
            "Double Barrel": {
                "Include": false,
                "FOV": 50.0
            },
            "Tactical Shotgun": {
                "Include": false,
                "FOV": 50.0
            },
            "LMG": {
                "Include": false,
                "FOV": 50.0
            }
        }
    },
    "Visuals": {
        "Master Switch": true,
        "Teamcheck": false,
        "Use Team Color": false,
        "Show Keybinds": false,
        "Aimbot Target Info": true,
        "Silent Target Info": false,
        "Show Player Inventory": false,
        "Player": {
            "Box": {
                "Enabled": false,
                "Box Color": {
                    "X": 1.0,
                    "Y": 1.0,
                    "Z": 1.0,
                    "W": 1.0
                }
            },
            "Tracers": {
                "Enabled": false,
                "Top": false,
                "Tracers Color": {
                    "X": 1.0,
                    "Y": 1.0,
                    "Z": 1.0,
                    "W": 1.0
                }
            },
            "OOV Arrows": {
                "Enabled": false,
                "Center": true,
                "Arrow Color": {
                    "X": 1.0,
                    "Y": 1.0,
                    "Z": 1.0,
                    "W": 1.0
                }
            },
            "Names": {
                "Enabled": false,
                "Names Color": {
                    "X": 1.0,
                    "Y": 1.0,
                    "Z": 1.0,
                    "W": 1.0
                }
            },
            "Teams": {
                "Enabled": false,
                "Teams Color": {
                    "X": 1.0,
                    "Y": 1.0,
                    "Z": 1.0,
                    "W": 1.0
                }
            },
            "Guns": {
                "Enabled": false,
                "Guns Color": {
                    "X": 1.0,
                    "Y": 1.0,
                    "Z": 1.0,
                    "W": 1.0
                }
            },
            "Self Chams": {
                "Enabled": false,
                "Chams Color": {
                    "X": 1.0,
                    "Y": 1.0,
                    "Z": 1.0,
                    "W": 1.0
                }
            },
            "Gun Chams": {
                "Enabled": false,
                "Chams Color": {
                    "X": 1.0,
                    "Y": 1.0,
                    "Z": 1.0,
                    "W": 1.0
                }
            },
            "Health Bar": false,
            "Armor Bar": false,
            "Limit Render Distance": false,
            "Render Distance": 100
        },
        "World": {
            "Lighting Modifications": {
                "Enabled": false,
                "Ambient": {
                    "Enabled": false,
                    "Ambient Color": {
                        "X": 1.0,
                        "Y": 1.0,
                        "Z": 1.0,
                        "W": 1.0
                    }
                },
                "Color Shift Top": {
                    "Enabled": false,
                    "Color Shift Top Color": {
                        "X": 1.0,
                        "Y": 1.0,
                        "Z": 1.0,
                        "W": 1.0
                    }
                },
                "Color Shift Bottom": {
                    "Enabled": false,
                    "Color Shift Bottom Color": {
                        "X": 1.0,
                        "Y": 1.0,
                        "Z": 1.0,
                        "W": 1.0
                    }
                },
                "Outdoor Ambient": {
                    "Enabled": false,
                    "Outdoor Ambient Color": {
                        "X": 1.0,
                        "Y": 1.0,
                        "Z": 1.0,
                        "W": 1.0
                    }
                },
                "Fog Color": {
                    "Enabled": false,
                    "Fog Color": {
                        "X": 1.0,
                        "Y": 1.0,
                        "Z": 1.0,
                        "W": 1.0
                    }
                },
                "Fog Start": {
                    "Enabled": false,
                    "Value": 10.0
                },
                "Fog End": {
                    "Enabled": false,
                    "Value": 200.0
                },
                "Brightness": {
                    "Enabled": false,
                    "Brightness": 10.0
                }
            }
        }
    },
    "Misc": {
        "Noclip": false
    },
    "Settings": {
        "VSYNC": true,
        "Streamproof": false,
        "Hide on Startup": false
    }
}
