{"espbox_Checked":false,"espbox_Color":4294967295,"espbox_keyBind":0,"esptype":0,"espfilled_Checked":false,"espdistance_Checked":false,"espdistance_Color":4294967295,"espdistance_keyBind":0,"espname_Checked":false,"espname_Color":4294967295,"espname_keyBind":0,"esphealth_Checked":false,"espsnap_Checked":false,"espsnap_Color":4278190080,"espsnap_keyBind":0,"limitdistance_Checked":false,"limitdistance_keyBind":0,"limitdistancevalue":0,"teamcheck_Checked":false,"npccheck_Checked":false,"healthcheck_Checked":false,"healthcondition":1,"aimbot_Checked":false,"aimbot_keyBind":0,"aimbotkey":550,"methodaimbot":2,"sorttype":1,"partaimbot":0,"aimbotsmooth":1.0,"toggleaimbot_Checked":true,"predict_Checked":false,"predict_keyBind":0,"resaimbot_Checked":false,"predictmathaimbot":1,"predictx":0.00009999999747378752,"predicty":0.00009999999747378752,"easing_Checked":false,"easingstyle":0,"easduration":0,"aimbotsticky_Checked":false,"shake_Checked":false,"shake_keyBind":0,"shakex":0.0,"shakey":0.0,"shakexx":0.0,"shakeyy":0.0,"fovcircle_Checked":false,"fovcircle_Color":4294243583,"fovcircle_keyBind":0,"fovfloat":146.57980346679688,"fovmath":0,"nosleep_Checked":true,"knockdh_Checked":true,"knifecheck_Checked":true,"silentaim_Checked":true,"silentaim_keyBind":0,"fovsilent_Checked":false,"fovsilent_Color":4278255873,"fovsilent_keyBind":0,"fovsilentval":55.0,"predictsilent_Checked":false,"predictmathsilent":1,"psilentx":0.16500000655651093,"psilenty":0.16500000655651093,"triggerbot_Checked":true,"triggerbot_keyBind":0,"typetriggerbot":0,"keybindtrggierbotwork":659,"triggerpredict_Checked":false,"usepredictaimbot_Checked":false,"firekey":0,"triggerbotinterval":0,"visualhitbox_Checked":false,"triggerbothitx":5.146579742431641,"triggerbothity":5.2768731117248535,"speedhack_Checked":true,"speedhack_keyBind":658,"speedhackvalue":390.9716491699219,"noclip_Checked":false,"noclip_keyBind":221,"noclipspeed":0.10000000149011612,"flight_Checked":false,"flight_keyBind":222,"flightspeed":10.0,"modespeed":1,"teleport_Checked":false,"teleportkeybind":0,"teleportspin_Checked":false,"teleportrad":7.5,"teleportspeed":1.25}