{"espbox_Checked":false,"espbox_Color":4278190080,"espbox_keyBind":0,"esptype":0,"espfilled_Checked":false,"espdistance_Checked":false,"espdistance_Color":4278190080,"espdistance_keyBind":0,"espname_Checked":false,"espname_Color":4278190080,"espname_keyBind":0,"esphealth_Checked":false,"espsnap_Checked":false,"espsnap_Color":4278190080,"espsnap_keyBind":0,"espbone_Checked":false,"espbone_Color":4278190080,"espbone_keyBind":0,"limitdistance_Checked":false,"limitdistance_keyBind":0,"limitdistancevalue":0,"aimbot_Checked":false,"aimbot_keyBind":0,"aimbotkey":0,"methodaimbot":2,"sorttype":0,"partaimbot":1,"aimbotsmooth":0.10000000149011612,"toggleaimbot_Checked":false,"predict_Checked":false,"predict_keyBind":0,"resaimbot_Checked":false,"predictmathaimbot":0,"predictx":0.00009999999747378752,"predicty":0.00009999999747378752,"easing_Checked":false,"easingstyle":0,"easduration":0,"shake_Checked":false,"shake_keyBind":0,"shakex":0.0,"shakey":0.0,"shakexx":0.0,"shakeyy":0.0,"aimbotsticky_Checked":false,"fovcircle_Checked":false,"fovcircle_Color":4278190080,"fovcircle_keyBind":0,"fovfloat":250.0,"fovmath":0,"nosleep_Checked":false,"knockdh_Checked":true,"silentaim_Checked":true,"silentaim_keyBind":0,"fovsilent_Checked":false,"fovsilent_Color":4278255873,"fovsilent_keyBind":0,"fovsilentval":65.1465835571289,"predictsilent_Checked":false,"predictmathsilent":1,"psilentx":0.16500000655651093,"psilenty":0.16500000655651093,"nearpartsilent_Checked":true,"triggerbot_Checked":true,"triggerbot_keyBind":0,"typetriggerbot":0,"keybindtrggierbotwork":567,"knife_Checked":true,"triggerpredict_Checked":false,"usepredictaimbot_Checked":false,"visualhitbox_Checked":false,"firekey":0,"triggerbotinterval":0,"triggerbothitx":1.0423452854156494,"triggerbothity":2.3399999141693115,"noclip_Checked":false,"noclip_keyBind":0,"noclipspeed":0.0,"flight_Checked":false,"flight_keyBind":0,"flightspeed":0.0,"modespeed":0,"teleport_Checked":false,"teleportspin_Checked":false,"teleportrad":0.10000000149011612,"teleportspeed":0.10000000149011612}