{"espbox_Checked":true,"espbox_Color":4278255873,"espbox_keyBind":0,"espai_Checked":true,"espai_Color":4294942932,"espai_keyBind":0,"esphealth_Checked":true,"esphealth_Color":4278255374,"esphealth_keyBind":0,"espname_Checked":false,"espname_Color":4278255873,"espname_keyBind":0,"espfilled_Checked":false,"espfilled_Color":4278255873,"espfilled_keyBind":0,"espweapon_Checked":false,"espweapon_Color":4294943049,"espweapon_keyBind":0,"espdistance_Checked":true,"espdistance_Color":4294967295,"espdistance_keyBind":0,"espsnap_Checked":false,"espsnap_Color":4278255873,"espsnap_keyBind":0,"espbodybag_Checked":false,"espbodybag_Color":4279107486,"espbodybag_keyBind":0,"limitdistance_Checked":true,"limitdistancevalue":10000,"espsleeper_Checked":false,"espsleeper_Color":4288388095,"espsleeper_keyBind":0,"espdoor_Checked":false,"espdoor_Color":4278190335,"espdoor_keyBind":0,"espstorage_Checked":false,"espstorage_Color":4278190335,"espstorage_keyBind":0,"espcabi_Checked":false,"espcabi_Color":4278190335,"espcabi_keyBind":0,"espitem_Checked":false,"espitem_Color":4294930841,"espitem_keyBind":0,"espstone_Checked":false,"espstone_Color":4278255873,"espstone_keyBind":0,"espphosphate_Checked":false,"espphosphate_Color":4278255873,"espphosphate_keyBind":0,"espmetal_Checked":false,"espmetal_Color":4278255873,"espmetal_keyBind":0,"espdig_Checked":false,"espdig_Color":4278255873,"espdig_keyBind":0,"espplant_Checked":false,"espplant_Color":4278255873,"espplant_keyBind":0,"espanimal_Checked":false,"espanimal_Color":4278255873,"espanimal_keyBind":0,"esptrashcan_Checked":false,"esptrashcan_Color":4278255873,"esptrashcan_keyBind":0,"espoil_Checked":false,"espoil_Color":4278255873,"espoil_keyBind":0,"espshredder_Checked":false,"espshredder_Color":4278255873,"espshredder_keyBind":0,"espwoodenboat_Checked":false,"espwoodenboat_Color":4278255873,"espwoodenboat_keyBind":0,"espfood_Checked":false,"espfood_Color":4278255873,"espfood_keyBind":0,"espwoodencrate_Checked":false,"espwoodencrate_Color":4278255873,"espwoodencrate_keyBind":0,"espsteelcrate_Checked":false,"espsteelcrate_Color":4278255873,"espsteelcrate_keyBind":0,"espmetalcrate_Checked":false,"espmetalcrate_Color":4278255873,"espmetalcrate_keyBind":0,"aimbot_Checked":true,"aimbot_keyBind":0,"aimbot_Checked":true,"aimbotkey":659,"methodaimbot":0,"partaimbot":0,"sorttype":0,"aimbotsmooth":0.4582410454750061,"predict_Checked":true,"predictx":0.7225000262260437,"predicty":0.0,"bulletcalc_Checked":true,"bulletcalc_keyBind":0,"bulletvelocity":483.7133483886719,"toggle_Checked":false,"aimbotsticky_Checked":true,"fovcircle_Checked":true,"fovcircle_Color":4278255873,"fovcircle_keyBind":0,"fovfloat":110.74918365478516}