{"espbox_Checked":true,"espbox_Color":4294967295,"espbox_keyBind":0,"espai_Checked":false,"espai_Color":4278255873,"espai_keyBind":0,"esphealth_Checked":false,"esphealth_Color":4278190080,"esphealth_keyBind":0,"espname_Checked":false,"espname_Color":4294967295,"espname_keyBind":20,"espfilled_Checked":false,"espfilled_Color":4278255873,"espfilled_keyBind":0,"espweapon_Checked":false,"espweapon_Color":4289440767,"espweapon_keyBind":0,"espdistance_Checked":false,"espdistance_Color":4294967295,"espdistance_keyBind":0,"espsnap_Checked":false,"espsnap_Color":4278255873,"espsnap_keyBind":0,"espbodybag_Checked":false,"espbodybag_Color":4278255873,"espbodybag_keyBind":0,"limitdistance_Checked":false,"limitdistancevalue":300,"espsleeper_Checked":false,"espsleeper_Color":4278255873,"espsleeper_keyBind":0,"espdoor_Checked":false,"espdoor_Color":4294483199,"espdoor_keyBind":0,"espstorage_Checked":false,"espstorage_Color":4294901925,"espstorage_keyBind":8,"espcabi_Checked":true,"espcabi_Color":4294181119,"espcabi_keyBind":8,"espitem_Checked":false,"espitem_Color":4294905305,"espitem_keyBind":659,"espstone_Checked":false,"espstone_Color":4294966409,"espstone_keyBind":0,"espphosphate_Checked":false,"espphosphate_Color":4294960464,"espphosphate_keyBind":0,"espmetal_Checked":false,"espmetal_Color":4294955072,"espmetal_keyBind":0,"espdig_Checked":false,"espdig_Color":4287154518,"espdig_keyBind":0,"espplant_Checked":false,"espplant_Color":4288413630,"espplant_keyBind":0,"espanimal_Checked":false,"espanimal_Color":4287072255,"espanimal_keyBind":0,"esptrashcan_Checked":false,"esptrashcan_Color":4278255873,"esptrashcan_keyBind":0,"espoil_Checked":false,"espoil_Color":4278255873,"espoil_keyBind":0,"espshredder_Checked":false,"espshredder_Color":4278255873,"espshredder_keyBind":0,"espwoodenboat_Checked":false,"espwoodenboat_Color":4278255873,"espwoodenboat_keyBind":0,"espfood_Checked":false,"espfood_Color":4278255873,"espfood_keyBind":0,"espwoodencrate_Checked":false,"espwoodencrate_Color":4278255873,"espwoodencrate_keyBind":0,"espsteelcrate_Checked":false,"espsteelcrate_Color":4278255873,"espsteelcrate_keyBind":0,"espmetalcrate_Checked":false,"espmetalcrate_Color":4278255873,"espmetalcrate_keyBind":0,"aimbot_Checked":true,"aimbot_keyBind":0,"aimbot_Checked":true,"aimbotkey":659,"methodaimbot":1,"partaimbot":1,"sorttype":0,"aimbotsmooth":0.1289999932050705,"predict_Checked":true,"predictx":7.199999809265137,"predicty":8.899999618530273,"bulletcalc_Checked":false,"bulletcalc_keyBind":0,"bulletvelocity":100.0,"toggle_Checked":false,"aimbotsticky_Checked":true,"fovcircle_Checked":true,"fovcircle_Color":4294967295,"fovcircle_keyBind":0,"fovfloat":45.602603912353516}