{
    "Aimbot": true,
    "Aimbot Distance": 159,
    "Aimbot Hitbox": 0,
    "Aimbot Prediction": false,
    "Aimbot Prediction X": 7.0,
    "Aimbot Prediction Y": 7.0,
    "Aimbot Smoothness": 9,
    "Aimbot Speed": 31,
    "Aimbot Type": 0,
    "Box": true,
    "Box Color": [
        0.5209298133850098,
        0.0,
        1.0,
        1.0
    ],
    "Box Fill Color": [
        0.5906326770782471,
        0.30697673559188843,
        1.0,
        1.0
    ],
    "Box Fill Color 2": [
        0.31468895077705383,
        0.05432124808430672,
        0.4325581192970276,
        1.0
    ],
    "Box Type": 0,
    "Chams": false,
    "Contrast One": [
        0.09700000286102295,
        0.10300000011920929,
        0.12300000339746475,
        1.0
    ],
    "Contrast Two": [
        0.10400000214576721,
        0.10400000214576721,
        0.13699999451637268,
        1.0
    ],
    "Crosshair Color": [
        0.5793022513389587,
        0.06392642110586166,
        0.9162790775299072,
        1.0
    ],
    "Crosshair Enabled": true,
    "Crosshair Length": 53.57099914550781,
    "Crosshair Radius": 4.8470001220703125,
    "Crosshair Resize": false,
    "Crosshair Resize Speed": 0.0,
    "Crosshair Spin": true,
    "Crosshair Spin Speed": 109.69400024414063,
    "Crosshair Width": 1.5,
    "Dahood UI Enabled": false,
    "Distance Color": [
        1.0,
        1.0,
        1.0,
        1.0
    ],
    "ESP": true,
    "FOV": false,
    "FOV Color": [
        1.0,
        1.0,
        1.0,
        1.0
    ],
    "Fill Box": true,
    "Fly Enabled": false,
    "Fly Key": 70,
    "Fly Speed": 735,
    "Fog Color": [
        255.0,
        255.0,
        255.0
    ],
    "Fog Enabled": false,
    "Fog End": 10000.0,
    "Fog Start": 10000.0,
    "Font": 1,
    "Global Shadows Enabled": true,
    "Healthbar": true,
    "Healthbar Color": [
        0.0,
        1.0,
        0.0,
        1.0
    ],
    "JumpPower Enabled": false,
    "JumpPower Key": 0,
    "JumpPower Value": 60.0,
    "Local Chams": false,
    "Menu Accent": [
        0.0,
        0.41200000047683716,
        1.0,
        1.0
    ],
    "Name": true,
    "Name Color": [
        1.0,
        1.0,
        1.0,
        1.0
    ],
    "Noclip Enabled": false,
    "Show Distance": false,
    "Show Tool": false,
    "Silent Aim": true,
    "Silent Indicator": true,
    "Silent Indicator Color": [
        0.0325581431388855,
        0.23054617643356323,
        1.0,
        1.0
    ],
    "Skeleton": false,
    "Spin In-Game Crosshair": false,
    "Spinbot Enabled": false,
    "Spinbot Key": 0,
    "Spinbot Value": 1.0,
    "Sticky Aim": true,
    "Strafe Enabled": false,
    "Strafe Horizontal Distance": 1.0,
    "Strafe Key": 71,
    "Strafe Speed": 11.10200023651123,
    "Strafe Vertical Distance": 1.0,
    "Team Check ESP": false,
    "Team Color": false,
    "Team Text": false,
    "Team Text Color": [
        1.0,
        1.0,
        1.0,
        1.0
    ],
    "Tool Color": [
        1.0,
        1.0,
        1.0,
        1.0
    ],
    "Tracer Color": [
        0.4372091293334961,
        0.0,
        1.0,
        1.0
    ],
    "Tracers": false,
    "Triggerbot": false,
    "Triggerbot Delay": 1,
    "Triggerbot FOV Color": [
        1.0,
        1.0,
        1.0,
        1.0
    ],
    "Triggerbot FOV Value": 150,
    "Triggerbot Key": 0,
    "Triggerbot Show FOV": false,
    "Walkspeed Enabled": false,
    "Walkspeed Key": 86,
    "Walkspeed Value": 500.0
}