{"espbox_Checked":true,"espbox_Color":4294967295,"espbox_keyBind":0,"esptype":0,"espfilled_Checked":false,"espdistance_Checked":false,"espdistance_Color":4278190080,"espdistance_keyBind":0,"espname_Checked":true,"espname_Color":4294115072,"espname_keyBind":0,"esphealth_Checked":false,"espsnap_Checked":false,"espsnap_Color":4278190080,"espsnap_keyBind":0,"limitdistance_Checked":false,"limitdistance_keyBind":0,"limitdistancevalue":0,"teamcheck_Checked":false,"npccheck_Checked":false,"healthcheck_Checked":false,"healthcondition":1,"aimbot_Checked":true,"aimbot_keyBind":0,"aimbotkey":659,"methodaimbot":0,"sorttype":0,"partaimbot":0,"aimbotsmooth":1.0,"toggleaimbot_Checked":false,"predict_Checked":false,"predict_keyBind":0,"resaimbot_Checked":false,"predictmathaimbot":0,"predictx":12.638474464416504,"predicty":13.48537540435791,"easing_Checked":false,"easingstyle":0,"easduration":0,"aimbotsticky_Checked":true,"shake_Checked":true,"shake_keyBind":0,"shakex":-1.3680781126022339,"shakey":1.5635179281234741,"shakexx":-1.3680781126022339,"shakeyy":1.5635179281234741,"fovcircle_Checked":false,"fovcircle_Color":4278190080,"fovcircle_keyBind":0,"fovfloat":300.0,"fovmath":0,"nosleep_Checked":false,"knockdh_Checked":false,"knifecheck_Checked":true,"silentaim_Checked":false,"silentaim_keyBind":0,"fovsilent_Checked":false,"fovsilent_Color":4278255873,"fovsilent_keyBind":0,"fovsilentval":100.0,"predictsilent_Checked":false,"predictmathsilent":1,"psilentx":0.16500000655651093,"psilenty":0.16500000655651093,"triggerbot_Checked":false,"triggerbot_keyBind":0,"typetriggerbot":0,"keybindtrggierbotwork":0,"triggerpredict_Checked":false,"usepredictaimbot_Checked":false,"firekey":0,"triggerbotinterval":0,"visualhitbox_Checked":false,"triggerbothitx":0.0,"triggerbothity":0.0,"speedhack_Checked":false,"speedhack_keyBind":0,"speedhackvalue":16.0,"noclip_Checked":false,"noclip_keyBind":0,"noclipspeed":0.0,"flight_Checked":false,"flight_keyBind":0,"flightspeed":0.0,"modespeed":0,"teleport_Checked":false,"teleportkeybind":0,"teleportspin_Checked":false,"teleportrad":0.10000000149011612,"teleportspeed":0.10000000149011612}